src,dest,amount
bianca,marc,1
bianca,marc,1
bianca,marc,1
bianca,marc,1
bianca,marc,1
bianca,marc,1
bianca,marc,1
bianca,marc,1
bianca,marc,1
bianca,marc,1
bianca,marc,1
bianca,marc,1
bianca,marc,1
bianca,marc,1
bianca,marc,1
bianca,marc,1
bianca,marc,1
bianca,marc,1
bianca,marc,1
bianca,marc,1
bianca,marc,1
bianca,marc,1
bianca,marc,1
bianca,marc,1
bianca,marc,1
bianca,marc,1
bianca,marc,1
bianca,marc,1
bianca,marc,1
bianca,marc,1
bianca,marc,1
bianca,marc,1
bianca,marc,1
bianca,marc,1
bianca,marc,1
bianca,marc,1
bianca,marc,1
bianca,marc,1
bianca,marc,1
bianca,marc,1
bianca,marc,1
bianca,marc,1
bianca,marc,1
bianca,marc,1
bianca,marc,1
bianca,marc,1
bianca,marc,1
bianca,marc,1
bianca,marc,1
bianca,marc,1
bianca,marc,1
bianca,marc,1
bianca,marc,1
bianca,marc,1
bianca,marc,1
bianca,marc,1
bianca,marc,1
bianca,marc,1
bianca,marc,1
bianca,marc,1
bianca,marc,1
bianca,marc,1
bianca,marc,1
bianca,marc,1
bianca,marc,1
bianca,marc,1
bianca,marc,1
bianca,marc,1
bianca,marc,1
bianca,marc,1
bianca,marc,1
bianca,marc,1
bianca,marc,1
bianca,marc,1
bianca,marc,1
bianca,marc,1
bianca,marc,1
bianca,marc,1
bianca,marc,1
bianca,marc,1
bianca,marc,1
bianca,marc,1
bianca,marc,1
bianca,marc,1
bianca,marc,1
bianca,marc,1
bianca,marc,1
bianca,marc,1
bianca,marc,1
bianca,marc,1
bianca,marc,1
bianca,marc,1
bianca,marc,1
bianca,marc,1
bianca,marc,1
bianca,marc,1
bianca,marc,1
bianca,marc,1
bianca,marc,1
bianca,marc,1
bianca,marc,1
bianca,marc,1
bianca,marc,1
bianca,marc,1
bianca,marc,1
bianca,marc,1
bianca,marc,1
bianca,marc,1
bianca,marc,1
bianca,marc,1
bianca,marc,1
bianca,marc,1
bianca,marc,1
bianca,marc,1
bianca,marc,1
bianca,marc,1
bianca,marc,1
bianca,marc,1
bianca,marc,1
bianca,marc,1
bianca,marc,1
bianca,marc,1
bianca,marc,1
bianca,marc,1
bianca,marc,1
bianca,marc,1
bianca,marc,1
bianca,marc,1
bianca,marc,1
bianca,marc,1
bianca,marc,1
bianca,marc,1
bianca,marc,1
bianca,marc,1
bianca,marc,1
bianca,marc,1
bianca,marc,1
bianca,marc,1
bianca,marc,1
bianca,marc,1
bianca,marc,1
bianca,marc,1
bianca,marc,1
bianca,marc,1
bianca,marc,1
bianca,marc,1
bianca,marc,1
bianca,marc,1
bianca,marc,1
bianca,marc,1
bianca,marc,1
bianca,marc,1
bianca,marc,1
bianca,marc,1
bianca,marc,1
bianca,marc,1
bianca,marc,1
bianca,marc,1
bianca,marc,1
bianca,marc,1
bianca,marc,1
bianca,marc,1
bianca,marc,1
bianca,marc,1
bianca,marc,1
bianca,marc,1
bianca,marc,1
bianca,marc,1
bianca,marc,1
bianca,marc,1
bianca,marc,1
bianca,marc,1
bianca,marc,1
bianca,marc,1
bianca,marc,1
bianca,marc,1
bianca,marc,1
bianca,marc,1
bianca,marc,1
bianca,marc,1
bianca,marc,1
bianca,marc,1
bianca,marc,1
bianca,marc,1
bianca,marc,1
bianca,marc,1
bianca,marc,1
bianca,marc,1
bianca,marc,1
bianca,marc,1
bianca,marc,1
bianca,marc,1
bianca,marc,1
bianca,marc,1
bianca,marc,1
bianca,marc,1
bianca,marc,1
bianca,marc,1
bianca,marc,1
bianca,marc,1
bianca,marc,1
bianca,marc,1
bianca,marc,1
bianca,marc,1
bianca,marc,1
bianca,marc,1
bianca,marc,1
bianca,marc,1
bianca,marc,1
bianca,marc,1
bianca,marc,1
bianca,marc,1
bianca,marc,1
bianca,marc,1
bianca,marc,1
bianca,marc,1
bianca,marc,1
bianca,marc,1
bianca,marc,1
bianca,marc,1
bianca,marc,1
bianca,marc,1
bianca,marc,1
bianca,marc,1
bianca,marc,1
bianca,marc,1
bianca,marc,1
bianca,marc,1
bianca,marc,1
bianca,marc,1
bianca,marc,1
bianca,marc,1
bianca,marc,1
bianca,marc,1
bianca,marc,1
bianca,marc,1
bianca,marc,1
bianca,marc,1
bianca,marc,1
bianca,marc,1
bianca,marc,1
bianca,marc,1
bianca,marc,1
bianca,marc,1
bianca,marc,1
bianca,marc,1
bianca,marc,1
bianca,marc,1
bianca,marc,1
bianca,marc,1
bianca,marc,1
bianca,marc,1
bianca,marc,1
bianca,marc,1
bianca,marc,1
bianca,marc,1
bianca,marc,1
bianca,marc,1
bianca,marc,1
bianca,marc,1
bianca,marc,1
bianca,marc,1
bianca,marc,1
bianca,marc,1
bianca,marc,1
bianca,marc,1
bianca,marc,1
bianca,marc,1
bianca,marc,1
bianca,marc,1
bianca,marc,1
bianca,marc,1
bianca,marc,1
bianca,marc,1
bianca,marc,1
bianca,marc,1
bianca,marc,1
bianca,marc,1
bianca,marc,1
bianca,marc,1
bianca,marc,1
bianca,marc,1
bianca,marc,1
bianca,marc,1
bianca,marc,1
bianca,marc,1
bianca,marc,1
bianca,marc,1
bianca,marc,1
bianca,marc,1
bianca,marc,1
bianca,marc,1
bianca,marc,1
bianca,marc,1
bianca,marc,1
bianca,marc,1
bianca,marc,1
bianca,marc,1
bianca,marc,1
bianca,marc,1
bianca,marc,1
bianca,marc,1
bianca,marc,1
bianca,marc,1
bianca,marc,1
bianca,marc,1
bianca,marc,1
bianca,marc,1
bianca,marc,1
bianca,marc,1
bianca,marc,1
bianca,marc,1
bianca,marc,1
bianca,marc,1
bianca,marc,1
bianca,marc,1
bianca,marc,1
bianca,marc,1
bianca,marc,1
bianca,marc,1
bianca,marc,1
bianca,marc,1
bianca,marc,1
bianca,marc,1
bianca,marc,1
bianca,marc,1
bianca,marc,1
bianca,marc,1
bianca,marc,1
bianca,marc,1
bianca,marc,1
bianca,marc,1
bianca,marc,1
bianca,marc,1
bianca,marc,1
bianca,marc,1
bianca,marc,1
bianca,marc,1
bianca,marc,1
bianca,marc,1
bianca,marc,1
bianca,marc,1
bianca,marc,1
bianca,marc,1
bianca,marc,1
bianca,marc,1
bianca,marc,1
bianca,marc,1
bianca,marc,1
bianca,marc,1
bianca,marc,1
bianca,marc,1
bianca,marc,1
bianca,marc,1
bianca,marc,1
bianca,marc,1
bianca,marc,1
bianca,marc,1
bianca,marc,1
bianca,marc,1
bianca,marc,1
bianca,marc,1
bianca,marc,1
bianca,marc,1
bianca,marc,1
bianca,marc,1
bianca,marc,1
bianca,marc,1
bianca,marc,1
bianca,marc,1
bianca,marc,1
bianca,marc,1
bianca,marc,1
bianca,marc,1
bianca,marc,1
bianca,marc,1
bianca,marc,1
bianca,marc,1
bianca,marc,1
bianca,marc,1
bianca,marc,1
bianca,marc,1
bianca,marc,1
bianca,marc,1
bianca,marc,1
bianca,marc,1
bianca,marc,1
bianca,marc,1
bianca,marc,1
bianca,marc,1
bianca,marc,1
bianca,marc,1
bianca,marc,1
bianca,marc,1
bianca,marc,1
bianca,marc,1
bianca,marc,1
bianca,marc,1
bianca,marc,1
bianca,marc,1
bianca,marc,1
bianca,marc,1
bianca,marc,1
bianca,marc,1
bianca,marc,1
bianca,marc,1
bianca,marc,1
bianca,marc,1
bianca,marc,1
bianca,marc,1
bianca,marc,1
bianca,marc,1
bianca,marc,1
bianca,marc,1
bianca,marc,1
bianca,marc,1
bianca,marc,1
bianca,marc,1
bianca,marc,1
bianca,marc,1
bianca,marc,1
bianca,marc,1
bianca,marc,1
bianca,marc,1
bianca,marc,1
bianca,marc,1
bianca,marc,1
bianca,marc,1
bianca,marc,1
bianca,marc,1
bianca,marc,1
bianca,marc,1
bianca,marc,1
bianca,marc,1
bianca,marc,1
bianca,marc,1
bianca,marc,1
bianca,marc,1
bianca,marc,1
bianca,marc,1
bianca,marc,1
bianca,marc,1
bianca,marc,1
bianca,marc,1
bianca,marc,1
bianca,marc,1
bianca,marc,1
bianca,marc,1
bianca,marc,1
bianca,marc,1
bianca,marc,1
bianca,marc,1
bianca,marc,1
bianca,marc,1
bianca,marc,1
bianca,marc,1
bianca,marc,1
bianca,marc,1
bianca,marc,1
bianca,marc,1
bianca,marc,1
bianca,marc,1
bianca,marc,1
bianca,marc,1
bianca,marc,1
bianca,marc,1
bianca,marc,1
bianca,marc,1
bianca,marc,1
bianca,marc,1
bianca,marc,1
bianca,marc,1
bianca,marc,1
bianca,marc,1
bianca,marc,1
bianca,marc,1
bianca,marc,1
bianca,marc,1
bianca,marc,1
bianca,marc,1
bianca,marc,1
bianca,marc,1
bianca,marc,1
bianca,marc,1
bianca,marc,1
bianca,marc,1
bianca,marc,1
bianca,marc,1
bianca,marc,1
bianca,marc,1
bianca,marc,1
bianca,marc,1
bianca,marc,1
bianca,marc,1
bianca,marc,1
bianca,marc,1
bianca,marc,1
bianca,marc,1
bianca,marc,1
bianca,marc,1
bianca,marc,1
bianca,marc,1
bianca,marc,1
bianca,marc,1
bianca,marc,1
bianca,marc,1
bianca,marc,1
bianca,marc,1
bianca,marc,1
bianca,marc,1
bianca,marc,1
bianca,marc,1
bianca,marc,1
bianca,marc,1
bianca,marc,1
bianca,marc,1
bianca,marc,1
bianca,marc,1
bianca,marc,1
bianca,marc,1
bianca,marc,1
bianca,marc,1
bianca,marc,1
bianca,marc,1
bianca,marc,1
bianca,marc,1
bianca,marc,1
bianca,marc,1
bianca,marc,1
bianca,marc,1
bianca,marc,1
bianca,marc,1
bianca,marc,1
bianca,marc,1
bianca,marc,1
bianca,marc,1
bianca,marc,1
bianca,marc,1
bianca,marc,1
bianca,marc,1
bianca,marc,1
bianca,marc,1
bianca,marc,1
bianca,marc,1
bianca,marc,1
bianca,marc,1
bianca,marc,1
bianca,marc,1
bianca,marc,1
bianca,marc,1
bianca,marc,1
bianca,marc,1
bianca,marc,1
bianca,marc,1
bianca,marc,1
bianca,marc,1
bianca,marc,1
bianca,marc,1
bianca,marc,1
bianca,marc,1
bianca,marc,1
bianca,marc,1
bianca,marc,1
bianca,marc,1
bianca,marc,1
bianca,marc,1
bianca,marc,1
bianca,marc,1
bianca,marc,1
bianca,marc,1
bianca,marc,1
bianca,marc,1
bianca,marc,1
bianca,marc,1
bianca,marc,1
bianca,marc,1
bianca,marc,1
bianca,marc,1
bianca,marc,1
bianca,marc,1
bianca,marc,1
bianca,marc,1
bianca,marc,1
bianca,marc,1
bianca,marc,1
bianca,marc,1
bianca,marc,1
bianca,marc,1
bianca,marc,1
bianca,marc,1
bianca,marc,1
bianca,marc,1
bianca,marc,1
bianca,marc,1
bianca,marc,1
bianca,marc,1
bianca,marc,1
bianca,marc,1
bianca,marc,1
bianca,marc,1
bianca,marc,1
bianca,marc,1
bianca,marc,1
bianca,marc,1
bianca,marc,1
bianca,marc,1
bianca,marc,1
bianca,marc,1
bianca,marc,1
bianca,marc,1
bianca,marc,1
bianca,marc,1
bianca,marc,1
bianca,marc,1
bianca,marc,1
bianca,marc,1
bianca,marc,1
bianca,marc,1
bianca,marc,1
bianca,marc,1
bianca,marc,1
bianca,marc,1
bianca,marc,1
bianca,marc,1
bianca,marc,1
bianca,marc,1
bianca,marc,1
bianca,marc,1
bianca,marc,1
bianca,marc,1
bianca,marc,1
bianca,marc,1
bianca,marc,1
bianca,marc,1
bianca,marc,1
bianca,marc,1
bianca,marc,1
bianca,marc,1
bianca,marc,1
bianca,marc,1
bianca,marc,1
bianca,marc,1
bianca,marc,1
bianca,marc,1
bianca,marc,1
bianca,marc,1
bianca,marc,1
bianca,marc,1
bianca,marc,1
bianca,marc,1
bianca,marc,1
bianca,marc,1
bianca,marc,1
bianca,marc,1
bianca,marc,1
bianca,marc,1
bianca,marc,1
bianca,marc,1
bianca,marc,1
bianca,marc,1
bianca,marc,1
bianca,marc,1
bianca,marc,1
bianca,marc,1
bianca,marc,1
bianca,marc,1
bianca,marc,1
bianca,marc,1
bianca,marc,1
bianca,marc,1
bianca,marc,1
bianca,marc,1
bianca,marc,1
bianca,marc,1
bianca,marc,1
bianca,marc,1
bianca,marc,1
bianca,marc,1
bianca,marc,1
bianca,marc,1
bianca,marc,1
bianca,marc,1
bianca,marc,1
bianca,marc,1
bianca,marc,1
bianca,marc,1
bianca,marc,1
bianca,marc,1
bianca,marc,1
bianca,marc,1
bianca,marc,1
bianca,marc,1
bianca,marc,1
bianca,marc,1
bianca,marc,1
bianca,marc,1
bianca,marc,1
bianca,marc,1
bianca,marc,1
bianca,marc,1
bianca,marc,1
bianca,marc,1
bianca,marc,1
bianca,marc,1
bianca,marc,1
bianca,marc,1
bianca,marc,1
bianca,marc,1
bianca,marc,1
bianca,marc,1
bianca,marc,1
bianca,marc,1
bianca,marc,1
bianca,marc,1
bianca,marc,1
bianca,marc,1
bianca,marc,1
bianca,marc,1
bianca,marc,1
bianca,marc,1
bianca,marc,1
bianca,marc,1
bianca,marc,1
bianca,marc,1
bianca,marc,1
bianca,marc,1
bianca,marc,1
bianca,marc,1
bianca,marc,1
bianca,marc,1
bianca,marc,1
bianca,marc,1
bianca,marc,1
bianca,marc,1
bianca,marc,1
bianca,marc,1
bianca,marc,1
bianca,marc,1
bianca,marc,1
bianca,marc,1
bianca,marc,1
bianca,marc,1
bianca,marc,1
bianca,marc,1
bianca,marc,1
bianca,marc,1
bianca,marc,1
bianca,marc,1
bianca,marc,1
bianca,marc,1
bianca,marc,1
bianca,marc,1
bianca,marc,1
bianca,marc,1
bianca,marc,1
bianca,marc,1
bianca,marc,1
bianca,marc,1
bianca,marc,1
bianca,marc,1
bianca,marc,1
bianca,marc,1
bianca,marc,1
bianca,marc,1
bianca,marc,1
bianca,marc,1
bianca,marc,1
bianca,marc,1
bianca,marc,1
bianca,marc,1
bianca,marc,1
bianca,marc,1
bianca,marc,1
bianca,marc,1
bianca,marc,1
bianca,marc,1
bianca,marc,1
bianca,marc,1
bianca,marc,1
bianca,marc,1
bianca,marc,1
bianca,marc,1
bianca,marc,1
bianca,marc,1
bianca,marc,1
bianca,marc,1
bianca,marc,1
bianca,marc,1
bianca,marc,1
bianca,marc,1
bianca,marc,1
bianca,marc,1
bianca,marc,1
bianca,marc,1
bianca,marc,1
bianca,marc,1
bianca,marc,1
bianca,marc,1
bianca,marc,1
bianca,marc,1
bianca,marc,1
bianca,marc,1
bianca,marc,1
bianca,marc,1
bianca,marc,1
bianca,marc,1
bianca,marc,1
bianca,marc,1
bianca,marc,1
bianca,marc,1
bianca,marc,1
bianca,marc,1
bianca,marc,1
bianca,marc,1
bianca,marc,1
bianca,marc,1
bianca,marc,1
bianca,marc,1
bianca,marc,1
bianca,marc,1
bianca,marc,1
bianca,marc,1
bianca,marc,1
bianca,marc,1
bianca,marc,1
bianca,marc,1
bianca,marc,1
bianca,marc,1
bianca,marc,1
bianca,marc,1
bianca,marc,1
bianca,marc,1
bianca,marc,1
bianca,marc,1
bianca,marc,1
bianca,marc,1
bianca,marc,1
bianca,marc,1
bianca,marc,1
bianca,marc,1
bianca,marc,1
bianca,marc,1
bianca,marc,1
bianca,marc,1
bianca,marc,1
bianca,marc,1
bianca,marc,1
bianca,marc,1
bianca,marc,1
bianca,marc,1
bianca,marc,1
bianca,marc,1
bianca,marc,1
bianca,marc,1
bianca,marc,1
bianca,marc,1
bianca,marc,1
bianca,marc,1
bianca,marc,1
bianca,marc,1
bianca,marc,1
bianca,marc,1
bianca,marc,1
bianca,marc,1
bianca,marc,1
bianca,marc,1
bianca,marc,1
bianca,marc,1
bianca,marc,1
bianca,marc,1
bianca,marc,1
bianca,marc,1
bianca,marc,1
bianca,marc,1
bianca,marc,1
bianca,marc,1
bianca,marc,1
bianca,marc,1
bianca,marc,1
bianca,marc,1
bianca,marc,1
bianca,marc,1
bianca,marc,1
bianca,marc,1
bianca,marc,1
bianca,marc,1
bianca,marc,1
bianca,marc,1
bianca,marc,1
bianca,marc,1
bianca,marc,1
bianca,marc,1
bianca,marc,1
bianca,marc,1
bianca,marc,1
bianca,marc,1
bianca,marc,1
bianca,marc,1
bianca,marc,1
bianca,marc,1
bianca,marc,1
bianca,marc,1
bianca,marc,1
bianca,marc,1
bianca,marc,1
bianca,marc,1
bianca,marc,1
bianca,marc,1
bianca,marc,1
bianca,marc,1
bianca,marc,1
bianca,marc,1
bianca,marc,1
bianca,marc,1
bianca,marc,1
bianca,marc,1
bianca,marc,1
bianca,marc,1
bianca,marc,1
bianca,marc,1
bianca,marc,1
bianca,marc,1
bianca,marc,1
bianca,marc,1
bianca,marc,1
bianca,marc,1
bianca,marc,1
bianca,marc,1
bianca,marc,1
bianca,marc,1
bianca,marc,1
bianca,marc,1
bianca,marc,1
bianca,marc,1
bianca,marc,1
bianca,marc,1
bianca,marc,1
bianca,marc,1
bianca,marc,1
bianca,marc,1
bianca,marc,1
bianca,marc,1
bianca,marc,1
bianca,marc,1
bianca,marc,1
bianca,marc,1
bianca,marc,1
bianca,marc,1
bianca,marc,1
bianca,marc,1
bianca,marc,1
bianca,marc,1
bianca,marc,1
bianca,marc,1
bianca,marc,1
bianca,marc,1
bianca,marc,1
bianca,marc,1
bianca,marc,1
bianca,marc,1
bianca,marc,1
bianca,marc,1
bianca,marc,1
bianca,marc,1
bianca,marc,1
bianca,marc,1
bianca,marc,1
bianca,marc,1
bianca,marc,1
bianca,marc,1
bianca,marc,1
bianca,marc,1
bianca,marc,1
bianca,marc,1
bianca,marc,1
bianca,marc,1
bianca,marc,1
bianca,marc,1
bianca,marc,1
bianca,marc,1
bianca,marc,1
bianca,marc,1
bianca,marc,1
bianca,marc,1
bianca,marc,1
bianca,marc,1
bianca,marc,1
bianca,marc,1
bianca,marc,1
bianca,marc,1
bianca,marc,1
bianca,marc,1
bianca,marc,1
bianca,marc,1
bianca,marc,1
bianca,marc,1
bianca,marc,1
bianca,marc,1
bianca,marc,1
bianca,marc,1














































































































































































































































































































































































































































































































































































































































































































































































































































































































































































































































































































































































































































































































































































































































































































































































































































































































































































































































































































































































































































































